{"train/timesteps": 369600, "train/mean policy loss": 7.0474700927734375, "train/mean value loss": 0.008453000336885452, "train/mean episode returns": -1426.214829, "train/std episode returns": 78.2861, "train/mean episode runtime": 0.036578, "train/mean episode length": 200.0, "_timestamp": 1673630671.2306712, "_runtime": 87.13201928138733, "_step": 167, "_wandb": {"runtime": 86}}