{"power": 2, "base of metric": 4.4178717739372315, "_timestamp": 1672768152.792607, "_runtime": 3.6604461669921875, "_step": 1, "x": 6.4178717739372315, "value": 19.5175910109513, "trial_number": 8, "_wandb": {"runtime": 2}}