{"train/timesteps": 1000027, "train/mean policy loss": -0.24807099997997284, "train/mean value loss": 0.02058899961411953, "train/mean episode returns": -388.580107, "train/min episode returns": -1161.175971, "train/max episode returns": -125.669968, "train/std episode returns": 446.07143, "train/mean episode runtime": 0.139072, "train/mean episode length": 527.75, "train/episodes": 451, "_timestamp": 1674075925.42992, "_runtime": 460.14649295806885, "_step": 452, "Mean Episodic Return": {"_type": "image-file", "sha256": "b742588242b58fc1307b133fe948acc07169cb2152710638fe9ec229b2eee470", "size": 6856, "path": "media/images/Mean Episodic Return_452_b742588242b58fc1307b.png", "format": "png", "width": 1250, "height": 950}, "_wandb": {"runtime": 459}}