{"train/timesteps": 3000800, "train/mean policy loss": -0.061827998608350754, "train/mean value loss": 0.014433999545872211, "train/mean episode returns": -155.044876, "train/min episode returns": -357.898019, "train/max episode returns": -1.591176, "train/std episode returns": 85.855948, "train/mean episode runtime": 0.037223, "train/mean episode length": 200.0, "train/episodes": 1363, "_timestamp": 1673866055.561985, "_runtime": 705.3046970367432, "_step": 1364, "Mean Episodic Return": {"_type": "image-file", "sha256": "b742588242b58fc1307b133fe948acc07169cb2152710638fe9ec229b2eee470", "size": 6856, "path": "media/images/Mean Episodic Return_1364_b742588242b58fc1307b.png", "format": "png", "width": 1250, "height": 950}, "_wandb": {"runtime": 704}}