{"train/timesteps": 3000800, "train/mean policy loss": -0.0034461019095033407, "train/mean value loss": 53.951141357421875, "train/mean episode runtime": 0.03708605332808061, "train/mean episode length": 200.0, "train/mean episode returns": -160.82697365862097, "train/std episode returns": 94.00333452359077, "_timestamp": 1673480040.878037, "_runtime": 626.6613080501556, "_step": 1363, "_wandb": {"runtime": 626}}