{"train/timesteps": 3000800, "train/mean policy loss": -0.0019630000460892916, "train/mean value loss": 0.556663990020752, "train/mean episode returns": -785.533723, "train/std episode returns": 116.153636, "train/mean episode runtime": 0.035275, "train/mean episode length": 200.0, "_timestamp": 1673735112.095757, "_runtime": 649.3663449287415, "_step": 1364, "Mean Episodic Return": {"_type": "image-file", "sha256": "b742588242b58fc1307b133fe948acc07169cb2152710638fe9ec229b2eee470", "size": 6856, "path": "media/images/Mean Episodic Return_1364_b742588242b58fc1307b.png", "format": "png", "width": 1250, "height": 950}, "_wandb": {"runtime": 648}}