{"train/timesteps": 1001000, "train/mean policy loss": -0.0007050000131130219, "train/mean value loss": 6646.37646484375, "train/mean episode returns": -803.910809, "train/std episode returns": 83.079681, "train/mean episode runtime": 0.037158, "train/mean episode length": 200.0, "_timestamp": 1673561239.869201, "_runtime": 209.9251959323883, "_step": 454, "_wandb": {"runtime": 247}}