{"train/timesteps": 2002000, "train/mean policy loss": -0.0013780000153928995, "train/mean value loss": 0.4156639873981476, "train/mean episode returns": -1182.735337, "train/min episode returns": -1591.999148, "train/max episode returns": -854.771574, "train/std episode returns": 257.946336, "train/mean episode runtime": 0.036499, "train/mean episode length": 200.0, "train/episodes": 909, "_timestamp": 1673883568.8134952, "_runtime": 479.16907024383545, "_step": 909, "_wandb": {"runtime": 477}}