{"train/timesteps": 646800, "train/mean policy loss": -0.00010800000018207356, "train/mean value loss": 0.7245910167694092, "train/mean episode returns": -1122.871215, "train/min episode returns": -1593.32266, "train/max episode returns": -888.419839, "train/std episode returns": 211.679814, "train/mean episode runtime": 0.036053, "train/mean episode length": 200.0, "train/episodes": 293, "_timestamp": 1673877786.706094, "_runtime": 162.2982370853424, "_step": 293, "_wandb": {"runtime": 158}}