{"train/timesteps": 4400, "train/mean policy loss": -2.9999999242136255e-05, "train/mean value loss": 205775.125, "train/mean episode returns": -1462.113125, "train/std episode returns": 166.57026, "train/mean episode runtime": 0.037778, "train/mean episode length": 200.0, "_timestamp": 1673555427.001547, "_runtime": 3.7792131900787354, "_step": 1, "_wandb": {"runtime": 12}}