{"train/timesteps": 2002000, "train/mean policy loss": -0.003602999961003661, "train/mean value loss": 0.02394000068306923, "train/mean episode returns": -215.224538, "train/min episode returns": -354.774961, "train/max episode returns": -117.993508, "train/std episode returns": 91.971782, "train/mean episode runtime": 0.036236, "train/mean episode length": 200.0, "train/episodes": 909, "_timestamp": 1673893662.826376, "_runtime": 473.21560406684875, "_step": 909, "_wandb": {"runtime": 471}}