{"train/timesteps": 2002000, "train/mean policy loss": -0.0033839999232441187, "train/mean value loss": 0.10377299785614014, "train/mean episode returns": -228.201152, "train/min episode returns": -368.048967, "train/max episode returns": -119.526274, "train/std episode returns": 87.627075, "train/mean episode runtime": 0.040472, "train/mean episode length": 200.0, "train/episodes": 909, "_timestamp": 1673895847.078043, "_runtime": 477.89816308021545, "_step": 909, "_wandb": {"runtime": 476}}