{"train/timesteps": 3000800, "train/mean policy loss": -0.0018489999929443002, "train/mean value loss": 0.00013800000306218863, "train/mean episode returns": -1619.053278, "train/std episode returns": 35.711765, "train/mean episode runtime": 0.03693, "train/mean episode length": 200.0, "_timestamp": 1673652461.3050208, "_runtime": 664.2666847705841, "_step": 1364, "Mean Episodic Return": {"_type": "image-file", "sha256": "b742588242b58fc1307b133fe948acc07169cb2152710638fe9ec229b2eee470", "size": 6856, "path": "media/images/Mean Episodic Return_1364_b742588242b58fc1307b.png", "format": "png", "width": 1250, "height": 950}, "_wandb": {"runtime": 663}}