{"train/timesteps": 38912, "train/mean policy loss": -0.10738400369882584, "train/mean value loss": 0.9947869777679443, "train/mean episode returns": -0.888766, "train/std episode returns": 5e-05, "train/mean episode runtime": 0.000526, "train/mean episode length": 1.0, "_timestamp": 1673790607.404143, "_runtime": 557.7645130157471, "_step": 18, "_wandb": {"runtime": 557}}