{"train/mean episode length": 200.0, "train/mean episode returns": -1277.9901390931113, "train/std episode returns": 302.7198631515344, "_timestamp": 1671639270.5838861, "_runtime": 7.8971052169799805, "_step": 0, "_wandb": {"runtime": 7}}