{"train/timesteps": 382800, "train/mean policy loss": 0.08507999777793884, "train/mean value loss": 0.6064010262489319, "train/mean episode returns": -810.698546, "train/min episode returns": -956.266414, "train/max episode returns": -669.615349, "train/std episode returns": 75.568528, "train/mean episode runtime": 0.038591, "train/mean episode length": 200.0, "train/episodes": 173, "_timestamp": 1673865224.0950341, "_runtime": 97.12986016273499, "_step": 173, "_wandb": {"runtime": 96}}