{"train/mean episode length": 21.64788732394366, "train/mean episode returns": 21.64788732394366, "_timestamp": 1671540527.7141068, "_runtime": 7.005313873291016, "_step": 0, "_wandb": {"runtime": 6}}