{"train/timesteps": 2002000, "train/mean policy loss": -0.004379999823868275, "train/mean value loss": 0.01449500024318695, "train/mean episode returns": -203.595611, "train/min episode returns": -343.69142, "train/max episode returns": -117.889795, "train/std episode returns": 77.845866, "train/mean episode runtime": 0.036372, "train/mean episode length": 200.0, "train/episodes": 909, "_timestamp": 1673892056.0182579, "_runtime": 476.33963084220886, "_step": 909, "_wandb": {"runtime": 474}}