{"train/timesteps": 2002000, "train/mean policy loss": -0.003157000057399273, "train/mean value loss": 0.022763999179005623, "train/mean episode returns": -205.44004, "train/min episode returns": -351.951669, "train/max episode returns": -117.40635, "train/std episode returns": 82.48747, "train/mean episode runtime": 0.036697, "train/mean episode length": 200.0, "train/episodes": 909, "_timestamp": 1673889992.971712, "_runtime": 466.9659261703491, "_step": 909, "_wandb": {"runtime": 465}}