{"train/timesteps": 53022, "train/mean policy loss": -0.1933089941740036, "train/mean value loss": 0.011149000376462936, "train/mean episode returns": -129.675801, "train/min episode returns": -144.410533, "train/max episode returns": -117.125299, "train/std episode returns": 7.426537, "train/mean episode runtime": 0.031251, "train/mean episode length": 120.941176, "train/episodes": 24, "_timestamp": 1674167685.664261, "_runtime": 25.27546215057373, "_step": 24, "_wandb": {"runtime": 25}}