{"train/timesteps": 4400, "train/mean policy loss": -2.9999999242136255e-05, "train/mean value loss": 0.9492539763450623, "train/mean episode returns": -1462.115153, "train/std episode returns": 166.569355, "train/mean episode runtime": 0.037942, "train/mean episode length": 200.0, "_timestamp": 1673625017.985433, "_runtime": 3.8116509914398193, "_step": 1, "_wandb": {"runtime": 54}}