{"power": 2, "base of metric": 3.9735467115899326, "_timestamp": 1672768115.242113, "_runtime": 3.82464599609375, "_step": 1, "x": 5.973546711589933, "value": 15.789073469187167, "trial_number": 4, "_wandb": {"runtime": 2}}