{"train/timesteps": 3000800, "train/mean policy loss": 8.037158012390137, "train/mean value loss": 0.00012799999967683107, "train/mean episode returns": -1624.93696, "train/std episode returns": 37.5584, "train/mean episode runtime": 0.035452, "train/mean episode length": 200.0, "_timestamp": 1673632241.186542, "_runtime": 640.3345251083374, "_step": 1364, "Mean Episodic Return": {"_type": "image-file", "sha256": "b742588242b58fc1307b133fe948acc07169cb2152710638fe9ec229b2eee470", "size": 6856, "path": "media/images/Mean Episodic Return_1364_b742588242b58fc1307b.png", "format": "png", "width": 1250, "height": 950}, "_wandb": {"runtime": 639}}