{"train/timesteps": 3000800, "train/mean policy loss": -0.005774000193923712, "train/mean value loss": 0.012489999644458294, "train/mean episode returns": -155.018068, "train/std episode returns": 88.304865, "train/mean episode runtime": 0.17028, "train/mean episode length": 200.0, "train/episodes": 1363, "_timestamp": 1673809070.577578, "_runtime": 1016.2380659580231, "_step": 1364, "Mean Episodic Return": {"_type": "image-file", "sha256": "b742588242b58fc1307b133fe948acc07169cb2152710638fe9ec229b2eee470", "size": 6856, "path": "media/images/Mean Episodic Return_1364_b742588242b58fc1307b.png", "format": "png", "width": 1250, "height": 950}, "_wandb": {"runtime": 1015}}