{"train/timesteps": 2002000, "train/mean policy loss": -0.004056999925523996, "train/mean value loss": 0.019607000052928925, "train/mean episode returns": -205.936572, "train/min episode returns": -355.687756, "train/max episode returns": -117.162486, "train/std episode returns": 79.671939, "train/mean episode runtime": 0.036246, "train/mean episode length": 200.0, "train/episodes": 909, "_timestamp": 1673887323.151992, "_runtime": 471.25952315330505, "_step": 909, "_wandb": {"runtime": 469}}