{"train/timesteps": 3000800, "train/mean policy loss": -0.003128000069409609, "train/mean value loss": 0.001395000028423965, "train/mean episode returns": -1433.185006, "train/std episode returns": 61.783821, "train/mean episode runtime": 0.038339, "train/mean episode length": 200.0, "_timestamp": 1673784464.75578, "_runtime": 738.1629478931427, "_step": 1364, "Mean Episodic Return": {"_type": "image-file", "sha256": "b742588242b58fc1307b133fe948acc07169cb2152710638fe9ec229b2eee470", "size": 6856, "path": "media/images/Mean Episodic Return_1364_b742588242b58fc1307b.png", "format": "png", "width": 1250, "height": 950}, "_wandb": {"runtime": 737}}