{"train/timesteps": 1500400, "train/mean policy loss": -0.006541999988257885, "train/mean value loss": 2.1302480697631836, "train/mean episode returns": -0.593823, "train/min episode returns": -254.5542, "train/max episode returns": -0.593823, "train/std episode returns": 87.24647, "train/mean episode runtime": 0.039118, "train/mean episode length": 200.0, "train/episodes": 681, "_timestamp": 1673975552.374772, "_runtime": 368.4182710647583, "_step": 682, "Mean Episodic Return": {"_type": "image-file", "sha256": "b742588242b58fc1307b133fe948acc07169cb2152710638fe9ec229b2eee470", "size": 6856, "path": "media/images/Mean Episodic Return_682_b742588242b58fc1307b.png", "format": "png", "width": 1250, "height": 950}, "_wandb": {"runtime": 367}}