{"train/timesteps": 3000800, "train/mean policy loss": 223.1595001220703, "train/mean value loss": 0.4730600118637085, "train/mean episode returns": -852.802841, "train/std episode returns": 140.580963, "train/mean episode runtime": 0.035608, "train/mean episode length": 200.0, "_timestamp": 1673599032.472207, "_runtime": 606.7055051326752, "_step": 1363, "_wandb": {"runtime": 649}}