{"train/timesteps": 1500400, "train/mean policy loss": -0.08112099766731262, "train/mean value loss": 0.007660000119358301, "train/mean episode returns": -167.963976, "train/min episode returns": -378.6577, "train/max episode returns": -1.186998, "train/std episode returns": 120.904621, "train/mean episode runtime": 0.035406, "train/mean episode length": 200.0, "train/episodes": 681, "_timestamp": 1673968771.874489, "_runtime": 1016.8986830711365, "_step": 682, "Mean Episodic Return": {"_type": "image-file", "sha256": "b742588242b58fc1307b133fe948acc07169cb2152710638fe9ec229b2eee470", "size": 6856, "path": "media/images/Mean Episodic Return_682_b742588242b58fc1307b.png", "format": "png", "width": 1250, "height": 950}, "_wandb": {"runtime": 1016}}