{"train/timesteps": 2002000, "train/mean policy loss": -0.001306000049225986, "train/mean value loss": 0.37877699732780457, "train/mean episode returns": -706.191947, "train/min episode returns": -862.772257, "train/max episode returns": -511.061112, "train/std episode returns": 103.805158, "train/mean episode runtime": 0.035358, "train/mean episode length": 200.0, "train/episodes": 909, "_timestamp": 1673903909.0138361, "_runtime": 397.27310609817505, "_step": 909, "_wandb": {"runtime": 396}}