{"train/timesteps": 3000800, "train/mean policy loss": 8.039267539978027, "train/mean value loss": 0.00014400000509340316, "train/mean episode returns": -1625.672244, "train/std episode returns": 38.549178, "train/mean episode runtime": 0.040437, "train/mean episode length": 200.0, "_timestamp": 1673651736.505745, "_runtime": 640.0786318778992, "_step": 1364, "Mean Episodic Return": {"_type": "image-file", "sha256": "b742588242b58fc1307b133fe948acc07169cb2152710638fe9ec229b2eee470", "size": 6856, "path": "media/images/Mean Episodic Return_1364_b742588242b58fc1307b.png", "format": "png", "width": 1250, "height": 950}, "_wandb": {"runtime": 639}}