{"train/timesteps": 2002000, "train/mean policy loss": -0.004083999898284674, "train/mean value loss": 0.02249399945139885, "train/mean episode returns": -213.528784, "train/min episode returns": -360.971882, "train/max episode returns": -117.880469, "train/std episode returns": 89.373731, "train/mean episode runtime": 0.037221, "train/mean episode length": 200.0, "train/episodes": 909, "_timestamp": 1673893145.651416, "_runtime": 475.52656507492065, "_step": 909, "_wandb": {"runtime": 473}}