{"train/timesteps": 2002000, "train/mean policy loss": -0.0025649999734014273, "train/mean value loss": 0.03211500123143196, "train/mean episode returns": -205.597688, "train/min episode returns": -351.315723, "train/max episode returns": -119.550957, "train/std episode returns": 82.514569, "train/mean episode runtime": 0.035981, "train/mean episode length": 200.0, "train/episodes": 909, "_timestamp": 1673884050.883907, "_runtime": 470.64656114578247, "_step": 909, "_wandb": {"runtime": 468}}