{"train/timesteps": 78797, "train/mean policy loss": -0.0886479988694191, "train/mean value loss": 0.6990029811859131, "train/mean episode returns": -176.299273, "train/min episode returns": -413.012065, "train/max episode returns": -146.259573, "train/std episode returns": 68.80462, "train/mean episode runtime": 0.045534, "train/mean episode length": 159.153846, "train/episodes": 36, "_timestamp": 1674145044.654079, "_runtime": 35.264068841934204, "_step": 36, "_wandb": {"runtime": 35}}