{"train/timesteps": 3000800, "train/mean policy loss": -0.001927000004798174, "train/mean value loss": 2.300000051036477e-05, "train/mean episode returns": -1720.482795, "train/std episode returns": 58.863531, "train/mean episode runtime": 0.035635, "train/mean episode length": 200.0, "_timestamp": 1673697072.488839, "_runtime": 1048.0133368968964, "_step": 1364, "Mean Episodic Return": {"_type": "image-file", "sha256": "b742588242b58fc1307b133fe948acc07169cb2152710638fe9ec229b2eee470", "size": 6856, "path": "media/images/Mean Episodic Return_1364_b742588242b58fc1307b.png", "format": "png", "width": 1250, "height": 950}, "_wandb": {"runtime": 1047}}