{"train/timesteps": 6600, "train/mean policy loss": -8.900000102585182e-05, "train/mean value loss": 191593.796875, "train/mean episode returns": -1380.620881, "train/std episode returns": 326.811218, "train/mean episode runtime": 0.03921, "train/mean episode length": 200.0, "_timestamp": 1673545237.975918, "_runtime": 4.439892053604126, "_step": 2, "_wandb": {"runtime": 4}}