{"train/timesteps": 1878800, "train/mean policy loss": -0.005659999791532755, "train/mean value loss": 261.94171142578125, "train/mean episode returns": -163.464673, "train/min episode returns": -262.842875, "train/max episode returns": -127.186257, "train/std episode returns": 54.820138, "train/mean episode runtime": 0.038214, "train/mean episode length": 200.0, "train/episodes": 853, "_timestamp": 1673963596.277465, "_runtime": 451.5385160446167, "_step": 853, "_wandb": {"runtime": 450}}