{"test/timesteps": 6, "test/episode length": 0, "test/episode returns": -119.63125380070582, "_timestamp": 1673818736.730888, "_runtime": 487.0605278015137, "_step": 12, "test/video": {"_type": "video-file", "sha256": "babe3c7bb9771add0088e9051566711a642d54d19365863bfb2f9c511ec957e1", "size": 1868245, "path": "media/videos/test/video_11_babe3c7bb9771add0088.gif", "caption": "episode: 5"}, "step": 5, "_wandb": {"runtime": 507}}