{"train/timesteps": 2000896, "train/mean policy loss": -0.002570000011473894, "train/mean value loss": 0.1498430073261261, "train/mean episode returns": -141.617059, "train/min episode returns": -252.900414, "train/max episode returns": -0.17221, "train/std episode returns": 50.854088, "train/mean episode runtime": 0.005793, "train/mean episode length": 32.0, "train/episodes": 976, "_timestamp": 1673943750.28263, "_runtime": 478.6035418510437, "_step": 976, "_wandb": {"runtime": 477}}