{"train/timesteps": 3000800, "train/mean policy loss": -0.19042299687862396, "train/mean value loss": 0.010472999885678291, "train/mean episode returns": -161.398488, "train/std episode returns": 85.42657, "train/mean episode runtime": 0.05005, "train/mean episode length": 200.0, "_timestamp": 1673802128.870923, "_runtime": 1038.0478551387787, "_step": 1364, "Mean Episodic Return": {"_type": "image-file", "sha256": "b742588242b58fc1307b133fe948acc07169cb2152710638fe9ec229b2eee470", "size": 6856, "path": "media/images/Mean Episodic Return_1364_b742588242b58fc1307b.png", "format": "png", "width": 1250, "height": 950}, "_wandb": {"runtime": 1037}}