{"train/timesteps": 3000800, "train/mean policy loss": -0.008472999557852745, "train/mean value loss": 77.31602478027344, "train/mean episode returns": -190.153658, "train/min episode returns": -364.728004, "train/max episode returns": -3.183491, "train/std episode returns": 104.939246, "train/mean episode runtime": 0.03834, "train/mean episode length": 200.0, "train/episodes": 1363, "_timestamp": 1673872878.146729, "_runtime": 702.8633248806, "_step": 1364, "Mean Episodic Return": {"_type": "image-file", "sha256": "b742588242b58fc1307b133fe948acc07169cb2152710638fe9ec229b2eee470", "size": 6856, "path": "media/images/Mean Episodic Return_1364_b742588242b58fc1307b.png", "format": "png", "width": 1250, "height": 950}, "_wandb": {"runtime": 702}}