{"train/timesteps": 1001472, "train/mean policy loss": -0.11656899750232697, "train/mean value loss": 0.9917380213737488, "train/mean episode returns": -0.785502, "train/min episode returns": -0.785618, "train/max episode returns": -0.785405, "train/std episode returns": 3e-05, "train/mean episode runtime": 0.000459, "train/mean episode length": 1.0, "train/episodes": 488, "_timestamp": 1674257792.390089, "_runtime": 26757.509125947952, "_step": 489, "Mean Episodic Return": {"_type": "image-file", "sha256": "b742588242b58fc1307b133fe948acc07169cb2152710638fe9ec229b2eee470", "size": 6856, "path": "media/images/Mean Episodic Return_489_b742588242b58fc1307b.png", "format": "png", "width": 1250, "height": 950}, "_wandb": {"runtime": 26756}}