{"test/timesteps": 0, "test/episode length": 200, "test/episode returns": -126.02632760412622, "_timestamp": 1673817556.839563, "_runtime": 5.2011377811431885, "_step": 0, "_wandb": {"runtime": 4}}