{"train/timesteps": 5002400, "train/mean policy loss": -0.00493463734164834, "train/mean value loss": 1914.8726806640625, "train/mean episode length": 200.0, "train/mean episode returns": -178.1717665150404, "train/std episode returns": 231.8807735714279, "_timestamp": 1673302253.8982332, "_runtime": 4378.452171087265, "_step": 1923, "_wandb": {"runtime": 5228}}