{"train/timesteps": 96800, "train/mean policy loss": -0.015336999669671059, "train/mean value loss": 30776206.0, "train/mean episode returns": -40000.0, "train/std episode returns": 0.0, "train/mean episode runtime": 0.05353, "train/mean episode length": 200.0, "train/episodes": 43, "_timestamp": 1673863298.067306, "_runtime": 87.6630449295044, "_step": 43, "_wandb": {"runtime": 87}}