{"power": 2, "base of metric": -4.914663816466558, "_timestamp": 1672768134.300926, "_runtime": 3.823802947998047, "_step": 1, "x": -2.9146638164665584, "value": 24.153920428885638, "trial_number": 6, "_wandb": {"runtime": 2}}