{"train/timesteps": 2002000, "train/mean policy loss": -0.0018570000538602471, "train/mean value loss": 0.0314829982817173, "train/mean episode returns": -235.419146, "train/min episode returns": -403.554104, "train/max episode returns": -122.806888, "train/std episode returns": 109.806691, "train/mean episode runtime": 0.03631, "train/mean episode length": 200.0, "train/episodes": 909, "_timestamp": 1673897847.675446, "_runtime": 437.7899601459503, "_step": 909, "_wandb": {"runtime": 436}}