{"train/timesteps": 2002000, "train/mean policy loss": -0.007526000030338764, "train/mean value loss": 0.03387799859046936, "train/mean episode returns": -213.390236, "train/min episode returns": -354.82899, "train/max episode returns": -116.550355, "train/std episode returns": 90.174742, "train/mean episode runtime": 0.035466, "train/mean episode length": 200.0, "train/episodes": 909, "_timestamp": 1673905493.909606, "_runtime": 536.1057970523834, "_step": 909, "_wandb": {"runtime": 534}}