{"train/timesteps": 2000896, "train/mean policy loss": -0.003984999842941761, "train/mean value loss": 0.032926999032497406, "train/mean episode returns": -175.669977, "train/min episode returns": -355.072994, "train/max episode returns": -0.344454, "train/std episode returns": 84.389985, "train/mean episode runtime": 0.023443, "train/mean episode length": 128.0, "train/episodes": 976, "_timestamp": 1673944719.289741, "_runtime": 471.53663897514343, "_step": 976, "_wandb": {"runtime": 469}}