{"train/timesteps": 3000800, "train/mean policy loss": -0.08274199813604355, "train/mean value loss": 0.06870300322771072, "train/mean episode returns": -166.528072, "train/std episode returns": 93.060957, "train/mean episode runtime": 0.049878, "train/mean episode length": 200.0, "train/episodes": 1363, "_timestamp": 1673806951.434968, "_runtime": 1055.6525230407715, "_step": 1364, "Mean Episodic Return": {"_type": "image-file", "sha256": "b742588242b58fc1307b133fe948acc07169cb2152710638fe9ec229b2eee470", "size": 6856, "path": "media/images/Mean Episodic Return_1364_b742588242b58fc1307b.png", "format": "png", "width": 1250, "height": 950}, "_wandb": {"runtime": 1055}}