{"train/timesteps": 3502200, "train/mean policy loss": -0.00017098280659411103, "train/mean value loss": 2.6638708732207306e-05, "train/mean episode length": 200.0, "train/mean episode returns": -1639.6807032182644, "train/std episode returns": 87.15611032882217, "_timestamp": 1673359714.227116, "_runtime": 766.9996511936188, "_step": 1346, "_wandb": {"runtime": 776}}