{"train/timesteps": 59434, "train/mean policy loss": -0.19206300377845764, "train/mean value loss": 0.008539999835193157, "train/mean episode returns": -133.521662, "train/min episode returns": -166.70112, "train/max episode returns": -118.027077, "train/std episode returns": 12.156149, "train/mean episode runtime": 0.071866, "train/mean episode length": 126.0, "train/episodes": 27, "_timestamp": 1674167552.114538, "_runtime": 46.35435485839844, "_step": 27, "_wandb": {"runtime": 46}}