{"train/timesteps": 1201200, "train/mean policy loss": -0.04447599872946739, "train/mean value loss": 0.0006300000241026282, "train/mean episode returns": -129.804783, "train/min episode returns": -377.713707, "train/max episode returns": -5.793856, "train/std episode returns": 105.018021, "train/mean episode runtime": 0.035785, "train/mean episode length": 200.0, "train/episodes": 545, "_timestamp": 1673982220.2806132, "_runtime": 353.2849051952362, "_step": 546, "Mean Episodic Return": {"_type": "image-file", "sha256": "b742588242b58fc1307b133fe948acc07169cb2152710638fe9ec229b2eee470", "size": 6856, "path": "media/images/Mean Episodic Return_546_b742588242b58fc1307b.png", "format": "png", "width": 1250, "height": 950}, "_wandb": {"runtime": 352}}