{"train/timesteps": 2002000, "train/mean policy loss": -0.0038040000945329666, "train/mean value loss": 0.022828999906778336, "train/mean episode returns": -211.632937, "train/min episode returns": -361.959565, "train/max episode returns": -122.570968, "train/std episode returns": 85.262016, "train/mean episode runtime": 0.036766, "train/mean episode length": 200.0, "train/episodes": 909, "_timestamp": 1673946969.155936, "_runtime": 478.0454180240631, "_step": 909, "_wandb": {"runtime": 476}}