{"train/timesteps": 1001472, "train/mean policy loss": 0.10649800300598145, "train/mean value loss": 0.13437899947166443, "train/mean episode returns": -23312.962518, "train/min episode returns": -28996.916158, "train/max episode returns": -17629.008877, "train/std episode returns": 5683.953641, "train/mean episode runtime": 0.333307, "train/mean episode length": 1024.0, "train/episodes": 488, "_timestamp": 1674144006.5085282, "_runtime": 419.3217623233795, "_step": 488, "_wandb": {"runtime": 418}}