{"power": 2, "base of metric": -0.969417277316043, "_timestamp": 1672768096.084277, "_runtime": 3.6746668815612793, "_step": 1, "x": 1.030582722683957, "value": 0.9397698575588498, "trial_number": 2, "_wandb": {"runtime": 2}}