{"train/timesteps": 2545400, "train/mean policy loss": -0.0003868908097501844, "train/mean value loss": 0.00016171277093235403, "train/mean episode length": 200.0, "train/mean episode returns": -1594.4520449424917, "train/std episode returns": 42.73977284151844, "_timestamp": 1673343541.767503, "_runtime": 529.0103280544281, "_step": 978, "_wandb": {"runtime": 528}}