{"train/timesteps": 2002000, "train/mean policy loss": -0.004131000023335218, "train/mean value loss": 0.09677799791097641, "train/mean episode returns": -208.093151, "train/min episode returns": -356.203971, "train/max episode returns": -117.941823, "train/std episode returns": 83.799279, "train/mean episode runtime": 0.043326, "train/mean episode length": 200.0, "train/episodes": 909, "_timestamp": 1673885755.987686, "_runtime": 472.16830492019653, "_step": 909, "_wandb": {"runtime": 470}}