{"train/timesteps": 3001076, "train/mean policy loss": -0.14905700087547302, "train/mean value loss": 0.07371599972248077, "train/mean episode returns": -1022.424687, "train/min episode returns": -1136.39808, "train/max episode returns": -931.898561, "train/std episode returns": 85.116955, "train/mean episode runtime": 0.194185, "train/mean episode length": 750.666667, "train/episodes": 1330, "_timestamp": 1674081417.080609, "_runtime": 2016.607271194458, "_step": 1331, "Mean Episodic Return": {"_type": "image-file", "sha256": "b742588242b58fc1307b133fe948acc07169cb2152710638fe9ec229b2eee470", "size": 6856, "path": "media/images/Mean Episodic Return_1331_b742588242b58fc1307b.png", "format": "png", "width": 1250, "height": 950}, "_wandb": {"runtime": 2015}}