{"train/timesteps": 2002000, "train/mean policy loss": -0.002902999985963106, "train/mean value loss": 0.03485200181603432, "train/mean episode returns": -203.067269, "train/min episode returns": -345.81718, "train/max episode returns": -118.961509, "train/std episode returns": 78.399312, "train/mean episode runtime": 0.040216, "train/mean episode length": 200.0, "train/episodes": 909, "_timestamp": 1673886297.5542982, "_runtime": 466.81088423728943, "_step": 909, "_wandb": {"runtime": 465}}