{"train/timesteps": 2002000, "train/mean policy loss": -0.003561000106856227, "train/mean value loss": 0.03317100182175636, "train/mean episode returns": -211.59508, "train/min episode returns": -356.553816, "train/max episode returns": -121.428315, "train/std episode returns": 85.153156, "train/mean episode runtime": 0.037884, "train/mean episode length": 200.0, "train/episodes": 909, "_timestamp": 1673894751.732964, "_runtime": 475.6214280128479, "_step": 909, "_wandb": {"runtime": 473}}