{"train/timesteps": 1500400, "train/mean policy loss": -0.004546999931335449, "train/mean value loss": 0.003123000031337142, "train/mean episode returns": -182.75279, "train/min episode returns": -380.582381, "train/max episode returns": -1.39933, "train/std episode returns": 124.396716, "train/mean episode runtime": 0.036667, "train/mean episode length": 200.0, "train/episodes": 681, "_timestamp": 1673971444.419053, "_runtime": 363.89396595954895, "_step": 682, "Mean Episodic Return": {"_type": "image-file", "sha256": "b742588242b58fc1307b133fe948acc07169cb2152710638fe9ec229b2eee470", "size": 6856, "path": "media/images/Mean Episodic Return_682_b742588242b58fc1307b.png", "format": "png", "width": 1250, "height": 950}, "_wandb": {"runtime": 363}}