{"train/timesteps": 3000800, "train/mean policy loss": -0.07468300312757492, "train/mean value loss": 0.08592099696397781, "train/mean episode returns": -173.789824, "train/std episode returns": 99.310395, "train/mean episode runtime": 0.035664, "train/mean episode length": 200.0, "_timestamp": 1673603243.382275, "_runtime": 601.1938660144806, "_step": 1363, "_wandb": {"runtime": 608}}