{"train/timesteps": 3000800, "train/mean policy loss": -0.2665010094642639, "train/mean value loss": 0.44671401381492615, "train/mean episode returns": -679.514185, "train/std episode returns": 110.248539, "train/mean episode runtime": 0.036327, "train/mean episode length": 200.0, "_timestamp": 1673736826.894609, "_runtime": 696.0960540771484, "_step": 1364, "Mean Episodic Return": {"_type": "image-file", "sha256": "b742588242b58fc1307b133fe948acc07169cb2152710638fe9ec229b2eee470", "size": 6856, "path": "media/images/Mean Episodic Return_1364_b742588242b58fc1307b.png", "format": "png", "width": 1250, "height": 950}, "_wandb": {"runtime": 695}}