{"train/mean episode length": 200.0, "train/mean episode returns": -1327.1248251531272, "train/std episode returns": 278.2948757574186, "_timestamp": 1671560227.812361, "_runtime": 5.338216066360474, "_step": 0, "_wandb": {"runtime": 4}}