{"train/timesteps": 3000800, "train/mean policy loss": 7.267018795013428, "train/mean value loss": 2.700000004551839e-05, "train/mean episode returns": -1468.505897, "train/std episode returns": 40.510775, "train/mean episode runtime": 0.03694, "train/mean episode length": 200.0, "_timestamp": 1673633120.9386969, "_runtime": 679.4166519641876, "_step": 1364, "Mean Episodic Return": {"_type": "image-file", "sha256": "b742588242b58fc1307b133fe948acc07169cb2152710638fe9ec229b2eee470", "size": 6856, "path": "media/images/Mean Episodic Return_1364_b742588242b58fc1307b.png", "format": "png", "width": 1250, "height": 950}, "_wandb": {"runtime": 678}}