{"train/timesteps": 1201200, "train/mean policy loss": -0.0052640000358223915, "train/mean value loss": 0.8426200151443481, "train/mean episode returns": -125.861667, "train/min episode returns": -374.092397, "train/max episode returns": -0.621218, "train/std episode returns": 106.237698, "train/mean episode runtime": 0.037982, "train/mean episode length": 200.0, "train/episodes": 545, "_timestamp": 1673981247.2719529, "_runtime": 293.79941296577454, "_step": 546, "Mean Episodic Return": {"_type": "image-file", "sha256": "b742588242b58fc1307b133fe948acc07169cb2152710638fe9ec229b2eee470", "size": 6856, "path": "media/images/Mean Episodic Return_546_b742588242b58fc1307b.png", "format": "png", "width": 1250, "height": 950}, "_wandb": {"runtime": 293}}