{"train/timesteps": 2002000, "train/mean policy loss": -0.0034370000939816236, "train/mean value loss": 0.040536001324653625, "train/mean episode returns": -212.943581, "train/min episode returns": -353.382118, "train/max episode returns": -117.408929, "train/std episode returns": 87.958845, "train/mean episode runtime": 0.039934, "train/mean episode length": 200.0, "train/episodes": 909, "_timestamp": 1673900928.022918, "_runtime": 472.14171600341797, "_step": 909, "_wandb": {"runtime": 470}}