{"train/timesteps": 2002000, "train/mean policy loss": -0.0024319998919963837, "train/mean value loss": 0.05928900092840195, "train/mean episode returns": -225.649671, "train/min episode returns": -430.344616, "train/max episode returns": -120.918464, "train/std episode returns": 106.977958, "train/mean episode runtime": 0.03759, "train/mean episode length": 200.0, "train/episodes": 909, "_timestamp": 1673892634.652776, "_runtime": 535.3651959896088, "_step": 909, "_wandb": {"runtime": 533}}