{"train/timesteps": 6600, "train/mean policy loss": -8.900000102585182e-05, "train/mean value loss": 191593.796875, "train/mean episode returns": -1380.620881, "train/std episode returns": 326.811218, "train/mean episode runtime": 0.03831, "train/mean episode length": 200.0, "_timestamp": 1673550803.112159, "_runtime": 4.336832046508789, "_step": 2, "_wandb": {"runtime": 4}}