{"train/timesteps": 2002000, "train/mean policy loss": -0.010468999855220318, "train/mean value loss": 0.03674200177192688, "train/mean episode returns": -211.300263, "train/min episode returns": -360.01922, "train/max episode returns": -118.845664, "train/std episode returns": 88.119852, "train/mean episode runtime": 0.036888, "train/mean episode length": 200.0, "train/episodes": 909, "_timestamp": 1673898912.28277, "_runtime": 555.2443759441376, "_step": 909, "_wandb": {"runtime": 553}}