{"train/timesteps": 3000800, "train/mean policy loss": -0.0012309999438002706, "train/mean value loss": 0.8507339954376221, "train/mean episode returns": -1593.98853, "train/std episode returns": 46.405055, "train/mean episode runtime": 0.036026, "train/mean episode length": 200.0, "_timestamp": 1673734397.698123, "_runtime": 702.9846279621124, "_step": 1364, "Mean Episodic Return": {"_type": "image-file", "sha256": "b742588242b58fc1307b133fe948acc07169cb2152710638fe9ec229b2eee470", "size": 6856, "path": "media/images/Mean Episodic Return_1364_b742588242b58fc1307b.png", "format": "png", "width": 1250, "height": 950}, "_wandb": {"runtime": 702}}