{"train/timesteps": 3000800, "train/mean policy loss": -0.004404000006616116, "train/mean value loss": 0.008012999780476093, "train/mean episode returns": -151.415559, "train/min episode returns": -347.125737, "train/max episode returns": -1.293791, "train/std episode returns": 84.030114, "train/mean episode runtime": 0.037853, "train/mean episode length": 200.0, "train/episodes": 1363, "_timestamp": 1673866968.427077, "_runtime": 715.0368161201477, "_step": 1364, "Mean Episodic Return": {"_type": "image-file", "sha256": "b742588242b58fc1307b133fe948acc07169cb2152710638fe9ec229b2eee470", "size": 6856, "path": "media/images/Mean Episodic Return_1364_b742588242b58fc1307b.png", "format": "png", "width": 1250, "height": 950}, "_wandb": {"runtime": 714}}