{"train/timesteps": 2002000, "train/mean policy loss": -0.0021120000164955854, "train/mean value loss": 0.028586000204086304, "train/mean episode returns": -205.416423, "train/min episode returns": -351.467559, "train/max episode returns": -118.640128, "train/std episode returns": 80.278433, "train/mean episode runtime": 0.036385, "train/mean episode length": 200.0, "train/episodes": 909, "_timestamp": 1673896891.767658, "_runtime": 475.7994239330292, "_step": 909, "_wandb": {"runtime": 474}}