{"train/timesteps": 1000838, "train/mean policy loss": -0.13878799974918365, "train/mean value loss": 0.002247000113129616, "train/mean episode returns": -54.366069, "train/min episode returns": -55.892193, "train/max episode returns": -52.494552, "train/std episode returns": 0.783526, "train/mean episode runtime": 0.014941, "train/mean episode length": 53.205128, "train/episodes": 480, "_timestamp": 1674155315.848235, "_runtime": 566.1546149253845, "_step": 481, "Mean Episodic Return": {"_type": "image-file", "sha256": "b742588242b58fc1307b133fe948acc07169cb2152710638fe9ec229b2eee470", "size": 6856, "path": "media/images/Mean Episodic Return_481_b742588242b58fc1307b.png", "format": "png", "width": 1250, "height": 950}, "_wandb": {"runtime": 565}}