{"test/timesteps": 1437, "test/episode length": 200, "test/episode returns": -117.38232387628112, "_timestamp": 1673817494.4470541, "_runtime": 23.68105125427246, "_step": 1437, "_wandb": {"runtime": 22}}