{"train/timesteps": 6754, "train/mean policy loss": -0.06667699664831161, "train/mean value loss": 0.778997004032135, "train/mean episode returns": -251.500062, "train/min episode returns": -439.16729, "train/max episode returns": -165.144954, "train/std episode returns": 84.069544, "train/mean episode runtime": 0.146467, "train/mean episode length": 233.777778, "train/episodes": 2, "_timestamp": 1674167891.706273, "_runtime": 7.295806169509888, "_step": 2, "_wandb": {"runtime": 6}}