{"train/timesteps": 3000800, "train/mean policy loss": -0.00030399998649954796, "train/mean value loss": 17.18656349182129, "train/mean episode returns": -1102.183382, "train/std episode returns": 199.036793, "train/mean episode runtime": 0.03583, "train/mean episode length": 200.0, "_timestamp": 1673695929.746347, "_runtime": 649.2126259803772, "_step": 1364, "Mean Episodic Return": {"_type": "image-file", "sha256": "b742588242b58fc1307b133fe948acc07169cb2152710638fe9ec229b2eee470", "size": 6856, "path": "media/images/Mean Episodic Return_1364_b742588242b58fc1307b.png", "format": "png", "width": 1250, "height": 950}, "_wandb": {"runtime": 648}}