{"train/timesteps": 3502200, "train/mean policy loss": -0.0011830383446067572, "train/mean value loss": 21414.69140625, "train/mean episode length": 200.0, "train/mean episode returns": -1614.7029305013994, "train/std episode returns": 93.68560875252861, "_timestamp": 1673368236.4142988, "_runtime": 4904.219699859619, "_step": 1346, "_wandb": {"runtime": 4918}}