{"train/timesteps": 10240, "train/mean policy loss": -0.059728000313043594, "train/mean value loss": 0.9945700168609619, "train/mean episode returns": -0.888883, "train/min episode returns": -0.889048, "train/max episode returns": -0.888703, "train/std episode returns": 4.8e-05, "train/mean episode runtime": 0.000525, "train/mean episode length": 1.0, "train/episodes": 4, "_timestamp": 1674065144.554837, "_runtime": 151.58061408996582, "_step": 5, "Mean Episodic Return": {"_type": "image-file", "sha256": "b742588242b58fc1307b133fe948acc07169cb2152710638fe9ec229b2eee470", "size": 6856, "path": "media/images/Mean Episodic Return_5_b742588242b58fc1307b.png", "format": "png", "width": 1250, "height": 950}, "_wandb": {"runtime": 150}}