{"power": 2, "base of metric": -8.518569513892167, "_timestamp": 1672768105.606669, "_runtime": 3.6865570545196533, "_step": 1, "x": -6.518569513892167, "value": 72.56602656301304, "trial_number": 3, "_wandb": {"runtime": 2}}