{"train/timesteps": 1177000, "train/mean policy loss": 7.344462871551514, "train/mean value loss": 9.500000305706635e-05, "train/mean episode returns": -1485.301563, "train/std episode returns": 76.863748, "train/mean episode runtime": 0.035972, "train/mean episode length": 200.0, "_timestamp": 1673633534.830016, "_runtime": 255.04639196395874, "_step": 534, "_wandb": {"runtime": 254}}