{"train/timesteps": 3000800, "train/mean policy loss": -0.0029800001066178083, "train/mean value loss": 0.09054700285196304, "train/mean episode returns": -229.289735, "train/std episode returns": 137.344952, "train/mean episode runtime": 0.037184, "train/mean episode length": 200.0, "_timestamp": 1673625756.221079, "_runtime": 610.2945160865784, "_step": 1363, "_wandb": {"runtime": 633}}