{"train/timesteps": 3000800, "train/mean policy loss": -0.007100999820977449, "train/mean value loss": 0.0470849983394146, "train/mean episode returns": -188.689801, "train/min episode returns": -364.369957, "train/max episode returns": -2.49573, "train/std episode returns": 117.012764, "train/mean episode runtime": 0.03733, "train/mean episode length": 200.0, "train/episodes": 1363, "_timestamp": 1673874578.070306, "_runtime": 729.3712389469147, "_step": 1364, "Mean Episodic Return": {"_type": "image-file", "sha256": "b742588242b58fc1307b133fe948acc07169cb2152710638fe9ec229b2eee470", "size": 6856, "path": "media/images/Mean Episodic Return_1364_b742588242b58fc1307b.png", "format": "png", "width": 1250, "height": 950}, "_wandb": {"runtime": 728}}