{"train/timesteps": 10240, "train/mean policy loss": -0.06871800124645233, "train/mean value loss": 0.9779000282287598, "train/mean episode returns": -0.787651, "train/min episode returns": -0.787689, "train/max episode returns": -0.787611, "train/std episode returns": 1.1e-05, "train/mean episode runtime": 0.000474, "train/mean episode length": 1.0, "train/episodes": 4, "_timestamp": 1674258603.461869, "_runtime": 149.82273507118225, "_step": 5, "Mean Episodic Return": {"_type": "image-file", "sha256": "b742588242b58fc1307b133fe948acc07169cb2152710638fe9ec229b2eee470", "size": 6856, "path": "media/images/Mean Episodic Return_5_b742588242b58fc1307b.png", "format": "png", "width": 1250, "height": 950}, "_wandb": {"runtime": 149}}