{"train/timesteps": 2002000, "train/mean policy loss": -0.01236599963158369, "train/mean value loss": 0.7858409881591797, "train/mean episode returns": -1278.341335, "train/min episode returns": -1500.130122, "train/max episode returns": -1186.091352, "train/std episode returns": 106.428778, "train/mean episode runtime": 0.039562, "train/mean episode length": 200.0, "train/episodes": 909, "_timestamp": 1673885218.535566, "_runtime": 484.69011306762695, "_step": 909, "_wandb": {"runtime": 482}}