{"train/timesteps": 2002000, "train/mean policy loss": -0.002254999941214919, "train/mean value loss": 0.4360570013523102, "train/mean episode returns": -761.922497, "train/min episode returns": -924.03118, "train/max episode returns": -507.609614, "train/std episode returns": 116.466896, "train/mean episode runtime": 0.035999, "train/mean episode length": 200.0, "train/episodes": 909, "_timestamp": 1673897367.469472, "_runtime": 412.3195388317108, "_step": 909, "_wandb": {"runtime": 410}}