{"train/timesteps": 1500400, "train/mean policy loss": -0.00571900000795722, "train/mean value loss": 0.018245000392198563, "train/mean episode returns": -134.999976, "train/min episode returns": -268.133256, "train/max episode returns": -0.740082, "train/std episode returns": 83.748463, "train/mean episode runtime": 0.035452, "train/mean episode length": 200.0, "train/episodes": 681, "_timestamp": 1673967046.332454, "_runtime": 357.06704902648926, "_step": 682, "Mean Episodic Return": {"_type": "image-file", "sha256": "b742588242b58fc1307b133fe948acc07169cb2152710638fe9ec229b2eee470", "size": 6856, "path": "media/images/Mean Episodic Return_682_b742588242b58fc1307b.png", "format": "png", "width": 1250, "height": 950}, "_wandb": {"runtime": 356}}