{"train/timesteps": 2000896, "train/mean policy loss": -0.0048699998296797276, "train/mean value loss": 0.0006719999946653843, "train/mean episode returns": -149.790947, "train/min episode returns": -267.423421, "train/max episode returns": -0.3257, "train/std episode returns": 85.212816, "train/mean episode runtime": 0.012171, "train/mean episode length": 64.0, "train/episodes": 976, "_timestamp": 1673899971.5223522, "_runtime": 477.74332427978516, "_step": 976, "_wandb": {"runtime": 475}}