{"train/timesteps": 699670, "train/mean policy loss": -0.14645500481128693, "train/mean value loss": 0.0027970001101493835, "train/mean episode returns": -54.653366, "train/min episode returns": -56.343938, "train/max episode returns": -53.565543, "train/std episode returns": 0.815433, "train/mean episode runtime": 0.014162, "train/mean episode length": 53.615385, "train/episodes": 335, "_timestamp": 1674148058.814272, "_runtime": 384.32248091697693, "_step": 335, "_wandb": {"runtime": 384}}