{"train/timesteps": 3000800, "train/mean policy loss": 0.14024999737739563, "train/mean value loss": 0.8135129809379578, "train/mean episode returns": -1216.355431, "train/std episode returns": 293.377662, "train/mean episode runtime": 0.056301, "train/mean episode length": 200.0, "train/episodes": 1363, "_timestamp": 1673862272.496196, "_runtime": 1028.4579510688782, "_step": 1364, "Mean Episodic Return": {"_type": "image-file", "sha256": "b742588242b58fc1307b133fe948acc07169cb2152710638fe9ec229b2eee470", "size": 6856, "path": "media/images/Mean Episodic Return_1364_b742588242b58fc1307b.png", "format": "png", "width": 1250, "height": 950}, "_wandb": {"runtime": 1027}}