{"train/timesteps": 2002000, "train/mean policy loss": -0.003619000082835555, "train/mean value loss": 0.018704000860452652, "train/mean episode returns": -210.578438, "train/min episode returns": -359.235488, "train/max episode returns": -120.865684, "train/std episode returns": 85.251407, "train/mean episode runtime": 0.035977, "train/mean episode length": 200.0, "train/episodes": 909, "_timestamp": 1673894187.047085, "_runtime": 476.74084401130676, "_step": 909, "_wandb": {"runtime": 474}}