{"train/timesteps": 2200, "train/mean policy loss": -0.0002995082759298384, "train/mean value loss": 151817.296875, "train/mean episode returns": -1224.6348146315077, "train/std episode returns": 293.073728357983, "train/mean episode runtime": 0.03765446489507502, "train/mean episode length": 200.0, "_timestamp": 1673543376.756106, "_runtime": 3.2997419834136963, "_step": 0, "_wandb": {"runtime": 2}}