{"train/timesteps": 655600, "train/mean policy loss": -0.0029329999815672636, "train/mean value loss": 0.6990180015563965, "train/mean episode returns": -797.77158, "train/min episode returns": -957.836582, "train/max episode returns": -650.582534, "train/std episode returns": 76.363488, "train/mean episode runtime": 0.036817, "train/mean episode length": 200.0, "train/episodes": 297, "_timestamp": 1673881506.503377, "_runtime": 3501.305067062378, "_step": 6667, "_wandb": {"runtime": 3500}}