{"train/timesteps": 3000800, "train/mean policy loss": -0.0003929999948013574, "train/mean value loss": 0.003490000031888485, "train/mean episode returns": -1459.703739, "train/std episode returns": 42.844224, "train/mean episode runtime": 0.035913, "train/mean episode length": 200.0, "_timestamp": 1673724330.066439, "_runtime": 678.2490339279175, "_step": 1364, "Mean Episodic Return": {"_type": "image-file", "sha256": "b742588242b58fc1307b133fe948acc07169cb2152710638fe9ec229b2eee470", "size": 6856, "path": "media/images/Mean Episodic Return_1364_b742588242b58fc1307b.png", "format": "png", "width": 1250, "height": 950}, "_wandb": {"runtime": 677}}