{"train/timesteps": 12825, "train/mean policy loss": -0.15035200119018555, "train/mean value loss": 0.0726659968495369, "train/mean episode returns": -222.212223, "train/min episode returns": -285.788115, "train/max episode returns": -184.634293, "train/std episode returns": 32.406422, "train/mean episode runtime": 0.064929, "train/mean episode length": 214.0, "train/episodes": 5, "_timestamp": 1674145105.981812, "_runtime": 8.560537099838257, "_step": 5, "_wandb": {"runtime": 8}}