{"train/timesteps": 3000800, "train/mean policy loss": -0.0017160000279545784, "train/mean value loss": 0.00018899999849963933, "train/mean episode returns": -1628.859576, "train/std episode returns": 28.02303, "train/mean episode runtime": 0.036354, "train/mean episode length": 200.0, "_timestamp": 1673654036.591899, "_runtime": 1535.8320169448853, "_step": 1364, "Mean Episodic Return": {"_type": "image-file", "sha256": "b742588242b58fc1307b133fe948acc07169cb2152710638fe9ec229b2eee470", "size": 6856, "path": "media/images/Mean Episodic Return_1364_b742588242b58fc1307b.png", "format": "png", "width": 1250, "height": 950}, "_wandb": {"runtime": 1535}}