{"test/timesteps": 10, "test/episode length": 200, "test/episode returns": -245.57365644045757, "_timestamp": 1673820090.712395, "_runtime": 1258.4655690193176, "_step": 20, "test/video": {"_type": "video-file", "sha256": "be665db6d1bccdd7528df247fad589491b0bf73fecb22da3035fc5827f18cf1d", "size": 2911906, "path": "media/videos/test/video_19_be665db6d1bccdd7528d.gif", "caption": "episode: 9"}, "step": 9, "_wandb": {"runtime": 1434}}