{"train/timesteps": 102024, "train/mean policy loss": -0.1534530073404312, "train/mean value loss": 0.013687999919056892, "train/mean episode returns": -135.921804, "train/min episode returns": -173.354802, "train/max episode returns": -124.622988, "train/std episode returns": 10.819169, "train/mean episode runtime": 0.044509, "train/mean episode length": 128.647059, "train/episodes": 47, "_timestamp": 1674131885.396011, "_runtime": 50.87368416786194, "_step": 47, "_wandb": {"runtime": 50}}