{"train/timesteps": 3000800, "train/mean policy loss": -0.0034459999296814203, "train/mean value loss": 53.951141357421875, "train/mean episode returns": -160.826974, "train/std episode returns": 94.003335, "train/mean episode runtime": 0.036578, "train/mean episode length": 200.0, "_timestamp": 1673600714.176713, "_runtime": 616.7243640422821, "_step": 1363, "_wandb": {"runtime": 708}}