{"train/timesteps": 2002000, "train/mean policy loss": -0.0030559999868273735, "train/mean value loss": 0.022951999679207802, "train/mean episode returns": -217.535027, "train/min episode returns": -362.633929, "train/max episode returns": -125.237468, "train/std episode returns": 89.113614, "train/mean episode runtime": 0.038471, "train/mean episode length": 200.0, "train/episodes": 909, "_timestamp": 1673887839.18635, "_runtime": 469.70492219924927, "_step": 909, "_wandb": {"runtime": 467}}