{"train/timesteps": 1471800, "train/mean policy loss": -0.03027999959886074, "train/mean value loss": 73.47866821289062, "train/mean episode returns": -312.75725, "train/min episode returns": -590.858755, "train/max episode returns": -122.410092, "train/std episode returns": 127.540173, "train/mean episode runtime": 0.038255, "train/mean episode length": 200.0, "train/episodes": 668, "_timestamp": 1673963137.869687, "_runtime": 549.8050971031189, "_step": 668, "_wandb": {"runtime": 549}}