{"train/timesteps": 3000800, "train/mean policy loss": 283.84710693359375, "train/mean value loss": 0.6708300113677979, "train/mean episode returns": -991.442155, "train/std episode returns": 99.957502, "train/mean episode runtime": 0.035297, "train/mean episode length": 200.0, "_timestamp": 1673626776.846886, "_runtime": 618.8776488304138, "_step": 1363, "_wandb": {"runtime": 648}}