{"train/timesteps": 2002000, "train/mean policy loss": -0.0031030001118779182, "train/mean value loss": 0.037801001220941544, "train/mean episode returns": -200.096958, "train/min episode returns": -339.670267, "train/max episode returns": -120.196301, "train/std episode returns": 74.607758, "train/mean episode runtime": 0.037166, "train/mean episode length": 200.0, "train/episodes": 909, "_timestamp": 1673891017.185036, "_runtime": 472.5274438858032, "_step": 909, "_wandb": {"runtime": 470}}