{"train/timesteps": 3000800, "train/mean policy loss": 0.5281220078468323, "train/mean value loss": 1390.8389892578125, "train/mean episode returns": -236.115736, "train/std episode returns": 207.550569, "train/mean episode runtime": 0.036081, "train/mean episode length": 200.0, "_timestamp": 1673598217.27685, "_runtime": 606.7940270900726, "_step": 1363, "_wandb": {"runtime": 629}}