{"train/timesteps": 2002000, "train/mean policy loss": -0.003108999924734235, "train/mean value loss": 0.03786600008606911, "train/mean episode returns": -212.049771, "train/min episode returns": -355.929474, "train/max episode returns": -117.27231, "train/std episode returns": 87.525514, "train/mean episode runtime": 0.037415, "train/mean episode length": 200.0, "train/episodes": 909, "_timestamp": 1673886819.506068, "_runtime": 468.0055949687958, "_step": 909, "_wandb": {"runtime": 466}}