{"train/timesteps": 3000800, "train/mean policy loss": 6.868532180786133, "train/mean value loss": 0.00015500000154133886, "train/mean episode returns": -1388.673574, "train/std episode returns": 231.546574, "train/mean episode runtime": 0.035457, "train/mean episode length": 200.0, "_timestamp": 1673631354.1958332, "_runtime": 646.4772372245789, "_step": 1364, "Mean Episodic Return": {"_type": "image-file", "sha256": "b742588242b58fc1307b133fe948acc07169cb2152710638fe9ec229b2eee470", "size": 6856, "path": "media/images/Mean Episodic Return_1364_b742588242b58fc1307b.png", "format": "png", "width": 1250, "height": 950}, "_wandb": {"runtime": 645}}