{"train/timesteps": 4928000, "train/mean policy loss": -0.0016830000095069408, "train/mean value loss": 51.379974365234375, "train/mean episode returns": -182.781968, "train/std episode returns": 99.354865, "train/mean episode runtime": 0.036303, "train/mean episode length": 200.0, "_timestamp": 1673562729.242411, "_runtime": 1414.6106729507446, "_step": 2239, "_wandb": {"runtime": 1414}}