{"power": 2, "base of metric": -0.7990958450581913, "_timestamp": 1672768124.692287, "_runtime": 3.802574872970581, "_step": 1, "x": 1.2009041549418087, "value": 0.6385541695892649, "trial_number": 5, "_wandb": {"runtime": 2}}