{"train/timesteps": 1500204, "train/mean policy loss": -0.37626099586486816, "train/mean value loss": 0.10958000272512436, "train/mean episode returns": -341.381757, "train/min episode returns": -622.087369, "train/max episode returns": -105.064222, "train/std episode returns": 235.846639, "train/mean episode runtime": 0.092774, "train/mean episode length": 343.333333, "train/episodes": 666, "_timestamp": 1674078891.878728, "_runtime": 2071.9052708148956, "_step": 667, "Mean Episodic Return": {"_type": "image-file", "sha256": "b742588242b58fc1307b133fe948acc07169cb2152710638fe9ec229b2eee470", "size": 6856, "path": "media/images/Mean Episodic Return_667_b742588242b58fc1307b.png", "format": "png", "width": 1250, "height": 950}, "_wandb": {"runtime": 2071}}