{"train/timesteps": 2002000, "train/mean policy loss": -0.005545000080019236, "train/mean value loss": 0.020044999197125435, "train/mean episode returns": -218.456295, "train/min episode returns": -363.110384, "train/max episode returns": -118.480307, "train/std episode returns": 92.291083, "train/mean episode runtime": 0.038336, "train/mean episode length": 200.0, "train/episodes": 909, "_timestamp": 1673889496.141115, "_runtime": 473.5299689769745, "_step": 909, "_wandb": {"runtime": 471}}