{"train/timesteps": 2002000, "train/mean policy loss": -0.0021430000197142363, "train/mean value loss": 0.14727400243282318, "train/mean episode returns": -242.905276, "train/min episode returns": -392.736201, "train/max episode returns": -125.012213, "train/std episode returns": 98.094383, "train/mean episode runtime": 0.03935, "train/mean episode length": 200.0, "train/episodes": 909, "_timestamp": 1673904404.3908591, "_runtime": 430.7167191505432, "_step": 909, "_wandb": {"runtime": 428}}