{"train/timesteps": 2002000, "train/mean policy loss": -0.0034169999416917562, "train/mean value loss": 0.0632769986987114, "train/mean episode returns": -238.123453, "train/min episode returns": -408.437307, "train/max episode returns": -121.505489, "train/std episode returns": 114.058426, "train/mean episode runtime": 0.037114, "train/mean episode length": 200.0, "train/episodes": 909, "_timestamp": 1673891544.019952, "_runtime": 474.24160408973694, "_step": 909, "_wandb": {"runtime": 472}}