{"train/timesteps": 3000800, "train/mean policy loss": -0.19567500054836273, "train/mean value loss": 0.6592789888381958, "train/mean episode returns": -851.137938, "train/std episode returns": 101.994607, "train/mean episode runtime": 0.036955, "train/mean episode length": 200.0, "_timestamp": 1673735932.8911061, "_runtime": 654.403085231781, "_step": 1364, "Mean Episodic Return": {"_type": "image-file", "sha256": "b742588242b58fc1307b133fe948acc07169cb2152710638fe9ec229b2eee470", "size": 6856, "path": "media/images/Mean Episodic Return_1364_b742588242b58fc1307b.png", "format": "png", "width": 1250, "height": 950}, "_wandb": {"runtime": 653}}