{"train/timesteps": 55134, "train/mean policy loss": -0.1577260047197342, "train/mean value loss": 0.011966000311076641, "train/mean episode returns": -133.142295, "train/min episode returns": -162.24068, "train/max episode returns": -117.190109, "train/std episode returns": 10.324381, "train/mean episode runtime": 0.033822, "train/mean episode length": 124.235294, "train/episodes": 25, "_timestamp": 1674147449.1882272, "_runtime": 26.630967140197754, "_step": 25, "_wandb": {"runtime": 25}}