{"train/timesteps": 587425, "train/mean policy loss": -0.1556060016155243, "train/mean value loss": 0.0020290000829845667, "train/mean episode returns": -59.543076, "train/min episode returns": -61.01439, "train/max episode returns": -57.672633, "train/std episode returns": 0.841327, "train/mean episode runtime": 0.015795, "train/mean episode length": 57.333333, "train/episodes": 280, "_timestamp": 1674121703.413377, "_runtime": 305.1847641468048, "_step": 280, "_wandb": {"runtime": 305}}