{"train/timesteps": 3000800, "train/mean policy loss": -0.005594999995082617, "train/mean value loss": 0.12550599873065948, "train/mean episode returns": -187.230439, "train/std episode returns": 108.499744, "train/mean episode runtime": 0.037525, "train/mean episode length": 200.0, "_timestamp": 1673781894.0446541, "_runtime": 756.2684810161591, "_step": 1364, "Mean Episodic Return": {"_type": "image-file", "sha256": "b742588242b58fc1307b133fe948acc07169cb2152710638fe9ec229b2eee470", "size": 6856, "path": "media/images/Mean Episodic Return_1364_b742588242b58fc1307b.png", "format": "png", "width": 1250, "height": 950}, "_wandb": {"runtime": 755}}