{"train/timesteps": 2000896, "train/mean policy loss": -0.0034799999557435513, "train/mean value loss": 0.0014230000087991357, "train/mean episode returns": -150.299012, "train/min episode returns": -255.982377, "train/max episode returns": -0.47369, "train/std episode returns": 85.222876, "train/mean episode runtime": 0.011846, "train/mean episode length": 64.0, "train/episodes": 976, "_timestamp": 1673944236.1416142, "_runtime": 474.43560910224915, "_step": 976, "_wandb": {"runtime": 471}}