{"train/timesteps": 2200, "train/mean policy loss": -0.0002530000056140125, "train/mean value loss": 1.1068580150604248, "train/mean episode returns": -1224.634815, "train/std episode returns": 293.073728, "train/mean episode runtime": 0.038012, "train/mean episode length": 200.0, "_timestamp": 1673622011.949816, "_runtime": 3.5243680477142334, "_step": 0, "_wandb": {"runtime": 6}}