{"train/timesteps": 2002000, "train/mean policy loss": -0.004236000124365091, "train/mean value loss": 0.016804000362753868, "train/mean episode returns": -205.224635, "train/min episode returns": -351.221712, "train/max episode returns": -117.146167, "train/std episode returns": 82.200627, "train/mean episode runtime": 0.035079, "train/mean episode length": 200.0, "train/episodes": 909, "_timestamp": 1673904925.003277, "_runtime": 460.11355996131897, "_step": 909, "_wandb": {"runtime": 458}}