{"train/timesteps": 2000896, "train/mean policy loss": -0.0035510000307112932, "train/mean value loss": 0.02770400047302246, "train/mean episode returns": -176.632058, "train/min episode returns": -358.889459, "train/max episode returns": -0.447663, "train/std episode returns": 85.0653, "train/mean episode runtime": 0.023085, "train/mean episode length": 128.0, "train/episodes": 976, "_timestamp": 1673900448.812968, "_runtime": 469.73834800720215, "_step": 976, "_wandb": {"runtime": 467}}