{"train/timesteps": 2002000, "train/mean policy loss": -0.004127999767661095, "train/mean value loss": 0.019719000905752182, "train/mean episode returns": -203.096433, "train/min episode returns": -354.26349, "train/max episode returns": -120.487379, "train/std episode returns": 77.704412, "train/mean episode runtime": 0.037751, "train/mean episode length": 200.0, "train/episodes": 909, "_timestamp": 1673896369.140407, "_runtime": 479.72733211517334, "_step": 909, "_wandb": {"runtime": 477}}