{"train/timesteps": 3000800, "train/mean policy loss": -0.0029800001066178083, "train/mean value loss": 682.78466796875, "train/mean episode returns": -229.289735, "train/std episode returns": 137.344952, "train/mean episode runtime": 0.037011, "train/mean episode length": 200.0, "_timestamp": 1673627511.509711, "_runtime": 631.5706911087036, "_step": 1363, "_wandb": {"runtime": 647}}