{"test/timesteps": 8, "test/episode length": 200, "test/episode returns": -131.90349973592745, "_timestamp": 1673821180.2631638, "_runtime": 835.389643907547, "_step": 16, "test/video": {"_type": "video-file", "sha256": "2879e4b236af2b4890d402924bc45b36d34094b5b6e96812c48ffe2697ec56f3", "size": 3941434, "path": "media/videos/test/video_15_2879e4b236af2b4890d4.gif", "caption": "episode: 7"}, "step": 7, "_wandb": {"runtime": 1042}}