{"power": 2, "base of metric": 5.3343900339072405, "_timestamp": 1672768162.145843, "_runtime": 3.639190912246704, "_step": 1, "x": 7.3343900339072405, "value": 28.45571703384889, "trial_number": 9, "_wandb": {"runtime": 2}}