{"train/timesteps": 1392600, "train/mean policy loss": -0.1306930035352707, "train/mean value loss": 0.5633770227432251, "train/mean episode returns": -545.801628, "train/std episode returns": 107.498512, "train/mean episode runtime": 0.056221, "train/mean episode length": 200.0, "_timestamp": 1673802727.3393762, "_runtime": 444.2710483074188, "_step": 632, "_wandb": {"runtime": 444}}