{"train/timesteps": 2002000, "train/mean policy loss": -0.0030799999367445707, "train/mean value loss": 0.021028000861406326, "train/mean episode returns": -204.536768, "train/min episode returns": -353.708671, "train/max episode returns": -119.849609, "train/std episode returns": 80.645698, "train/mean episode runtime": 0.037552, "train/mean episode length": 200.0, "train/episodes": 909, "_timestamp": 1673890495.755119, "_runtime": 469.64661407470703, "_step": 909, "_wandb": {"runtime": 467}}