{"train/timesteps": 724577, "train/mean policy loss": -0.14063100516796112, "train/mean value loss": 0.002339000115171075, "train/mean episode returns": -55.19423, "train/min episode returns": -56.726427, "train/max episode returns": -53.654044, "train/std episode returns": 0.665653, "train/mean episode runtime": 0.014891, "train/mean episode length": 54.0, "train/episodes": 347, "_timestamp": 1674167431.4144928, "_runtime": 390.2144408226013, "_step": 347, "_wandb": {"runtime": 390}}