{"train/timesteps": 2002000, "train/mean policy loss": -0.0018129999516531825, "train/mean value loss": 0.02936900034546852, "train/mean episode returns": -209.070175, "train/min episode returns": -349.957788, "train/max episode returns": -120.39672, "train/std episode returns": 81.82481, "train/mean episode runtime": 0.036437, "train/mean episode length": 200.0, "train/episodes": 909, "_timestamp": 1673895334.262448, "_runtime": 472.46021819114685, "_step": 909, "_wandb": {"runtime": 470}}