{"train/timesteps": 3000800, "train/mean policy loss": -0.003932000137865543, "train/mean value loss": 0.0012519999872893095, "train/mean episode returns": -1451.938893, "train/min episode returns": -1550.11535, "train/max episode returns": -1357.756992, "train/std episode returns": 52.269318, "train/mean episode runtime": 0.03613, "train/mean episode length": 200.0, "train/episodes": 1363, "_timestamp": 1673871804.4656892, "_runtime": 725.2244350910187, "_step": 1364, "Mean Episodic Return": {"_type": "image-file", "sha256": "b742588242b58fc1307b133fe948acc07169cb2152710638fe9ec229b2eee470", "size": 6856, "path": "media/images/Mean Episodic Return_1364_b742588242b58fc1307b.png", "format": "png", "width": 1250, "height": 950}, "_wandb": {"runtime": 724}}