{"train/timesteps": 10240, "train/mean policy loss": -0.1429789960384369, "train/mean value loss": 0.9964619874954224, "train/mean episode returns": -4.064027, "train/min episode returns": -4.064296, "train/max episode returns": -4.063735, "train/std episode returns": 7.8e-05, "train/mean episode runtime": 0.001033, "train/mean episode length": 1.0, "train/episodes": 4, "_timestamp": 1674259819.438077, "_runtime": 1119.9950170516968, "_step": 5, "Mean Episodic Return": {"_type": "image-file", "sha256": "b742588242b58fc1307b133fe948acc07169cb2152710638fe9ec229b2eee470", "size": 6856, "path": "media/images/Mean Episodic Return_5_b742588242b58fc1307b.png", "format": "png", "width": 1250, "height": 950}, "_wandb": {"runtime": 1119}}