{"train/timesteps": 17185, "train/mean policy loss": -0.10499399900436401, "train/mean value loss": 0.36434099078178406, "train/mean episode returns": -190.670339, "train/min episode returns": -297.5014, "train/max episode returns": -141.741776, "train/std episode returns": 48.67241, "train/mean episode runtime": 0.090117, "train/mean episode length": 172.666667, "train/episodes": 7, "_timestamp": 1674167836.909923, "_runtime": 13.553574085235596, "_step": 7, "_wandb": {"runtime": 13}}