{"train/timesteps": 48802, "train/mean policy loss": -0.1631380021572113, "train/mean value loss": 0.010267999954521656, "train/mean episode returns": -129.592647, "train/min episode returns": -137.080839, "train/max episode returns": -122.211567, "train/std episode returns": 4.22985, "train/mean episode runtime": 0.034001, "train/mean episode length": 120.823529, "train/episodes": 22, "_timestamp": 1674148091.659986, "_runtime": 23.269197940826416, "_step": 22, "_wandb": {"runtime": 22}}