{"power": 2, "base of metric": -8.257004709126555, "_timestamp": 1672768086.907021, "_runtime": 5.123917102813721, "_step": 1, "x": -6.257004709126555, "value": 68.1781267665381, "trial_number": 1, "_wandb": {"runtime": 2}}