{"train/timesteps": 1201200, "train/mean policy loss": -0.04090600088238716, "train/mean value loss": 0.0008379999781027436, "train/mean episode returns": -130.81552, "train/min episode returns": -383.243619, "train/max episode returns": -6.000351, "train/std episode returns": 106.390456, "train/mean episode runtime": 0.037327, "train/mean episode length": 200.0, "train/episodes": 545, "_timestamp": 1673985360.7455418, "_runtime": 368.462849855423, "_step": 546, "Mean Episodic Return": {"_type": "image-file", "sha256": "b742588242b58fc1307b133fe948acc07169cb2152710638fe9ec229b2eee470", "size": 6856, "path": "media/images/Mean Episodic Return_546_b742588242b58fc1307b.png", "format": "png", "width": 1250, "height": 950}, "_wandb": {"runtime": 367}}