{"train/timesteps": 10240, "train/mean policy loss": -0.08868599683046341, "train/mean value loss": 0.977787971496582, "train/mean episode returns": -0.787655, "train/min episode returns": -0.787692, "train/max episode returns": -0.787614, "train/std episode returns": 1.1e-05, "train/mean episode runtime": 0.000431, "train/mean episode length": 1.0, "train/episodes": 4, "_timestamp": 1674225199.608716, "_runtime": 151.17913603782654, "_step": 5, "Mean Episodic Return": {"_type": "image-file", "sha256": "b742588242b58fc1307b133fe948acc07169cb2152710638fe9ec229b2eee470", "size": 6856, "path": "media/images/Mean Episodic Return_5_b742588242b58fc1307b.png", "format": "png", "width": 1250, "height": 950}, "_wandb": {"runtime": 150}}