{"train/timesteps": 1001247, "train/mean policy loss": -0.17179200053215027, "train/mean value loss": 0.0031300000846385956, "train/mean episode returns": -3.974929, "train/min episode returns": -4.026006, "train/max episode returns": -3.839037, "train/std episode returns": 0.048952, "train/mean episode runtime": 0.026218, "train/mean episode length": 75.714286, "train/episodes": 478, "_timestamp": 1674145689.698713, "_runtime": 566.8553071022034, "_step": 478, "_wandb": {"runtime": 566}}