{"train/timesteps": 10001200, "train/mean policy loss": -0.002111000008881092, "train/mean value loss": 8.192593574523926, "train/mean episode returns": -165.649865, "train/std episode returns": 104.146441, "train/mean episode runtime": 0.035417, "train/mean episode length": 200.0, "_timestamp": 1673558379.69426, "_runtime": 2033.0058739185333, "_step": 4545, "_wandb": {"runtime": 2338}}