{"train/timesteps": 21428, "train/mean policy loss": 0.05491400137543678, "train/mean value loss": 0.4130750000476837, "train/mean episode returns": -237.592313, "train/min episode returns": -416.914444, "train/max episode returns": -172.287841, "train/std episode returns": 71.745664, "train/mean episode runtime": 0.066006, "train/mean episode length": 237.555556, "train/episodes": 9, "_timestamp": 1674075317.614922, "_runtime": 24.547834157943726, "_step": 10, "Mean Episodic Return": {"_type": "image-file", "sha256": "b742588242b58fc1307b133fe948acc07169cb2152710638fe9ec229b2eee470", "size": 6856, "path": "media/images/Mean Episodic Return_10_b742588242b58fc1307b.png", "format": "png", "width": 1250, "height": 950}, "_wandb": {"runtime": 23}}