{"train/timesteps": 6600, "train/mean policy loss": -8.900000102585182e-05, "train/mean value loss": 191593.796875, "train/mean episode returns": -1380.620881, "train/std episode returns": 326.811218, "train/mean episode runtime": 0.037719, "train/mean episode length": 200.0, "_timestamp": 1673553268.8235111, "_runtime": 4.466328144073486, "_step": 2, "_wandb": {"runtime": 3}}