{"train/timesteps": 345400, "train/mean policy loss": -0.22568899393081665, "train/mean value loss": 0.6304330229759216, "train/mean episode returns": -913.550362, "train/std episode returns": 88.693709, "train/mean episode runtime": 0.03441, "train/mean episode length": 200.0, "_timestamp": 1673790849.2261949, "_runtime": 79.68956780433655, "_step": 156, "_wandb": {"runtime": 79}}