{"train/timesteps": 512600, "train/mean policy loss": -0.00020199999562464654, "train/mean value loss": 0.6772289872169495, "train/mean episode returns": -1087.503983, "train/min episode returns": -1742.604508, "train/max episode returns": -653.896461, "train/std episode returns": 318.53825, "train/mean episode runtime": 0.037289, "train/mean episode length": 200.0, "train/episodes": 232, "_timestamp": 1673877359.4978392, "_runtime": 130.00616025924683, "_step": 232, "_wandb": {"runtime": 127}}