{"train/timesteps": 6600, "train/mean policy loss": -8.885036368155852e-05, "train/mean value loss": 191593.796875, "train/mean episode length": 200.0, "train/mean episode returns": -1380.6208805751096, "train/std episode returns": 326.8112178429333, "_timestamp": 1673477796.566171, "_runtime": 4.320539951324463, "_step": 2, "_wandb": {"runtime": 4}}