{"train/timesteps": 3000800, "train/mean policy loss": -0.0034459999296814203, "train/mean value loss": 53.951141357421875, "train/mean episode returns": -160.826974, "train/std episode returns": 94.003335, "train/mean episode runtime": 0.038772, "train/mean episode length": 200.0, "_timestamp": 1673556141.8449779, "_runtime": 621.1289179325104, "_step": 1363, "_wandb": {"runtime": 677}}