{"train/timesteps": 1500200, "train/mean policy loss": -0.0007825149223208427, "train/mean value loss": 4876.76123046875, "train/mean episode length": 200.0, "train/mean episode returns": -172.1370391845703, "train/std episode returns": 91.52517700195312, "_timestamp": 1672615200.367018, "_runtime": 417.7289159297943, "_step": 576, "_wandb": {"runtime": 417}}