{"train/timesteps": 2002000, "train/mean policy loss": -0.011164000257849693, "train/mean value loss": 0.005098000168800354, "train/mean episode returns": -209.772234, "train/min episode returns": -353.690975, "train/max episode returns": -116.467002, "train/std episode returns": 88.052951, "train/mean episode runtime": 0.035469, "train/mean episode length": 200.0, "train/episodes": 909, "_timestamp": 1673910463.303135, "_runtime": 4543.712694883347, "_step": 909, "_wandb": {"runtime": 4541}}