{"train/timesteps": 2002000, "train/mean policy loss": -0.0024449999909847975, "train/mean value loss": 0.0441959984600544, "train/mean episode returns": -203.842775, "train/min episode returns": -348.972864, "train/max episode returns": -116.415062, "train/std episode returns": 79.255438, "train/mean episode runtime": 0.036842, "train/mean episode length": 200.0, "train/episodes": 909, "_timestamp": 1673945194.268518, "_runtime": 467.31634497642517, "_step": 909, "_wandb": {"runtime": 465}}