{"train/timesteps": 3000800, "train/mean policy loss": -0.00029399999766610563, "train/mean value loss": 8.900000102585182e-05, "train/mean episode returns": -1562.164856, "train/std episode returns": 47.49945, "train/mean episode runtime": 0.040988, "train/mean episode length": 200.0, "_timestamp": 1673699672.41503, "_runtime": 669.8247990608215, "_step": 1364, "Mean Episodic Return": {"_type": "image-file", "sha256": "b742588242b58fc1307b133fe948acc07169cb2152710638fe9ec229b2eee470", "size": 6856, "path": "media/images/Mean Episodic Return_1364_b742588242b58fc1307b.png", "format": "png", "width": 1250, "height": 950}, "_wandb": {"runtime": 669}}