{"train/timesteps": 3000800, "train/mean policy loss": -0.009494000114500523, "train/mean value loss": 513.10009765625, "train/mean episode returns": -189.975345, "train/std episode returns": 136.815755, "train/mean episode runtime": 0.058226, "train/mean episode length": 200.0, "train/episodes": 1363, "_timestamp": 1673810184.8450618, "_runtime": 1081.9558727741241, "_step": 1364, "Mean Episodic Return": {"_type": "image-file", "sha256": "b742588242b58fc1307b133fe948acc07169cb2152710638fe9ec229b2eee470", "size": 6856, "path": "media/images/Mean Episodic Return_1364_b742588242b58fc1307b.png", "format": "png", "width": 1250, "height": 950}, "_wandb": {"runtime": 1081}}