{"train/timesteps": 2002000, "train/mean policy loss": -0.005417000036686659, "train/mean value loss": 0.023963000625371933, "train/mean episode returns": -206.935132, "train/min episode returns": -348.822837, "train/max episode returns": -117.409938, "train/std episode returns": 82.581841, "train/mean episode runtime": 0.037141, "train/mean episode length": 200.0, "train/episodes": 909, "_timestamp": 1673946313.528098, "_runtime": 480.64203906059265, "_step": 909, "_wandb": {"runtime": 478}}