{"train/timesteps": 1001235, "train/mean policy loss": -0.14038899540901184, "train/mean value loss": 0.0022950000129640102, "train/mean episode returns": -56.875693, "train/min episode returns": -59.157673, "train/max episode returns": -55.936695, "train/std episode returns": 0.798418, "train/mean episode runtime": 0.015608, "train/mean episode length": 54.447368, "train/episodes": 479, "_timestamp": 1674144948.723728, "_runtime": 544.634174823761, "_step": 479, "_wandb": {"runtime": 543}}