{"train/timesteps": 1001000, "train/mean policy loss": 324.08599853515625, "train/mean value loss": 0.7307980060577393, "train/mean episode returns": -1130.253294, "train/std episode returns": 127.685443, "train/mean episode runtime": 0.036796, "train/mean episode length": 200.0, "_timestamp": 1673559670.2129862, "_runtime": 206.18278431892395, "_step": 454, "_wandb": {"runtime": 205}}