{"train/timesteps": 1500400, "train/mean policy loss": -0.0020570000633597374, "train/mean value loss": 2.300000051036477e-05, "train/mean episode returns": -1548.172855, "train/min episode returns": -1548.172855, "train/max episode returns": -1374.892458, "train/std episode returns": 56.627177, "train/mean episode runtime": 0.039395, "train/mean episode length": 200.0, "train/episodes": 681, "_timestamp": 1673974659.0828328, "_runtime": 378.8917167186737, "_step": 682, "Mean Episodic Return": {"_type": "image-file", "sha256": "b742588242b58fc1307b133fe948acc07169cb2152710638fe9ec229b2eee470", "size": 6856, "path": "media/images/Mean Episodic Return_682_b742588242b58fc1307b.png", "format": "png", "width": 1250, "height": 950}, "_wandb": {"runtime": 378}}