{"train/timesteps": 1500400, "train/mean policy loss": 0.000598000013269484, "train/mean value loss": 0.01605300046503544, "train/mean episode returns": -1489.093064, "train/min episode returns": -1546.349134, "train/max episode returns": -1380.671035, "train/std episode returns": 53.722025, "train/mean episode runtime": 0.036601, "train/mean episode length": 200.0, "train/episodes": 681, "_timestamp": 1673972022.362784, "_runtime": 378.0205159187317, "_step": 682, "Mean Episodic Return": {"_type": "image-file", "sha256": "b742588242b58fc1307b133fe948acc07169cb2152710638fe9ec229b2eee470", "size": 6856, "path": "media/images/Mean Episodic Return_682_b742588242b58fc1307b.png", "format": "png", "width": 1250, "height": 950}, "_wandb": {"runtime": 377}}