{"train/timesteps": 2002000, "train/mean policy loss": -0.0037720000836998224, "train/mean value loss": 0.027648000046610832, "train/mean episode returns": -217.43147, "train/min episode returns": -359.281343, "train/max episode returns": -121.115958, "train/std episode returns": 91.35012, "train/mean episode runtime": 0.037623, "train/mean episode length": 200.0, "train/episodes": 909, "_timestamp": 1673888436.463305, "_runtime": 474.6861689090729, "_step": 909, "_wandb": {"runtime": 472}}