{"initial_reset_timestamp": 29656.34631425, "timestamps": [29659.962550333], "episode_lengths": [200], "episode_rewards": [-936.5358361344402], "episode_types": ["t", "t"]}