{"initial_reset_timestamp": 23380.052747625, "timestamps": [23383.723987083], "episode_lengths": [200], "episode_rewards": [-128.58713909538966], "episode_types": ["t", "t"]}