{"train/timesteps": 3500200, "train/mean policy loss": -0.001121960929594934, "train/mean value loss": 39.325679779052734, "train/mean episode length": 200.0, "train/mean episode returns": -158.60871942494316, "train/std episode returns": 77.85843659633429, "_timestamp": 1673476675.641692, "_runtime": 706.003378868103, "_step": 1590, "_wandb": {"runtime": 708}}