{"train/timesteps": 3000800, "train/mean policy loss": -0.0027550000231713057, "train/mean value loss": 0.001184999942779541, "train/mean episode returns": -1455.635894, "train/min episode returns": -1499.546241, "train/max episode returns": -1309.68621, "train/std episode returns": 52.755847, "train/mean episode runtime": 0.037657, "train/mean episode length": 200.0, "train/episodes": 1363, "_timestamp": 1673870948.5569751, "_runtime": 882.3872680664062, "_step": 1364, "Mean Episodic Return": {"_type": "image-file", "sha256": "b742588242b58fc1307b133fe948acc07169cb2152710638fe9ec229b2eee470", "size": 6856, "path": "media/images/Mean Episodic Return_1364_b742588242b58fc1307b.png", "format": "png", "width": 1250, "height": 950}, "_wandb": {"runtime": 881}}