{"train/timesteps": 2002000, "train/mean policy loss": -0.0033889999613165855, "train/mean value loss": 0.0405460000038147, "train/mean episode returns": -212.002603, "train/min episode returns": -392.344051, "train/max episode returns": -117.401817, "train/std episode returns": 93.482482, "train/mean episode runtime": 0.03592, "train/mean episode length": 200.0, "train/episodes": 909, "_timestamp": 1673947479.14625, "_runtime": 470.4620010852814, "_step": 909, "_wandb": {"runtime": 468}}