{"train/timesteps": 301400, "train/mean policy loss": -0.0014860000228509307, "train/mean value loss": 15339.6396484375, "train/mean episode returns": -1050.100255, "train/std episode returns": 224.353858, "train/mean episode runtime": 0.036509, "train/mean episode length": 200.0, "_timestamp": 1673556271.0319061, "_runtime": 64.47988414764404, "_step": 136, "_wandb": {"runtime": 75}}