{"train/timesteps": 448800, "train/mean policy loss": -0.00014099999680183828, "train/mean value loss": 0.00044800000614486635, "train/mean episode returns": -1525.369683, "train/std episode returns": 14.133271, "train/mean episode runtime": 0.035128, "train/mean episode length": 200.0, "_timestamp": 1673723631.850896, "_runtime": 101.31243777275085, "_step": 203, "_wandb": {"runtime": 101}}