{"power": 2, "base of metric": -5.321700413163056, "_timestamp": 1672768143.6365619, "_runtime": 3.6939327716827393, "_step": 1, "x": -3.3217004131630556, "value": 28.32049528745984, "trial_number": 7, "_wandb": {"runtime": 2}}