{"train/timesteps": 2002000, "train/mean policy loss": -0.0031419999431818724, "train/mean value loss": 0.03401700034737587, "train/mean episode returns": -204.535116, "train/min episode returns": -339.67007, "train/max episode returns": -116.691055, "train/std episode returns": 78.01729, "train/mean episode runtime": 0.036221, "train/mean episode length": 200.0, "train/episodes": 909, "_timestamp": 1673898329.164344, "_runtime": 473.4199001789093, "_step": 909, "_wandb": {"runtime": 471}}