{"train/timesteps": 2002000, "train/mean policy loss": -0.012225000187754631, "train/mean value loss": 0.023312000557780266, "train/mean episode returns": -228.126106, "train/min episode returns": -404.823021, "train/max episode returns": -118.970155, "train/std episode returns": 108.68476, "train/mean episode runtime": 0.037312, "train/mean episode length": 200.0, "train/episodes": 909, "_timestamp": 1673884533.600693, "_runtime": 468.3085300922394, "_step": 909, "_wandb": {"runtime": 466}}