{"train/timesteps": 65757, "train/mean policy loss": -0.21638399362564087, "train/mean value loss": 0.01079500000923872, "train/mean episode returns": -132.183912, "train/min episode returns": -149.3157, "train/max episode returns": -122.11476, "train/std episode returns": 8.462453, "train/mean episode runtime": 0.074265, "train/mean episode length": 124.352941, "train/episodes": 30, "_timestamp": 1674167485.7742121, "_runtime": 47.874157190322876, "_step": 30, "_wandb": {"runtime": 48}}