{"power": 2, "base of metric": 6.790126517082959, "_timestamp": 1672768076.4756749, "_runtime": 2.972202777862549, "_step": 1, "x": 8.790126517082959, "value": 46.10581811799315, "trial_number": 0, "_wandb": {"runtime": 2}}