{"train/mean episode length": 200.0, "train/mean episode returns": -1277.9901390931113, "train/std episode returns": 302.7198631515344, "_timestamp": 1671639202.364247, "_runtime": 7.931363105773926, "_step": 0, "_wandb": {"runtime": 7}}