{"train/mean episode length": 21.64788732394366, "train/mean episode returns": 21.64788732394366, "_timestamp": 1671540646.9852748, "_runtime": 4.867597818374634, "_step": 0, "_wandb": {"runtime": 4}}