{"train/timesteps": 2002000, "train/mean policy loss": -0.004792000167071819, "train/mean value loss": 0.02876099944114685, "train/mean episode returns": -210.32879, "train/min episode returns": -357.925657, "train/max episode returns": -119.354526, "train/std episode returns": 84.774527, "train/mean episode runtime": 0.037698, "train/mean episode length": 200.0, "train/episodes": 909, "_timestamp": 1673901427.7025821, "_runtime": 474.2686290740967, "_step": 909, "_wandb": {"runtime": 472}}