{"train/timesteps": 132000, "train/mean policy loss": -0.0028860000893473625, "train/mean value loss": 710.876953125, "train/mean episode returns": -1155.018701, "train/min episode returns": -1538.898094, "train/max episode returns": -765.412249, "train/std episode returns": 228.146308, "train/mean episode runtime": 0.102546, "train/mean episode length": 200.0, "train/episodes": 59, "_timestamp": 1673980925.867075, "_runtime": 398.3058340549469, "_step": 118, "train/video": {"_type": "video-file", "sha256": "09cb0a808ae1f43bce8543ba632dd6036e89f6d88f6b083aa55c4cc06f69ea20", "size": 123298, "path": "media/videos/train/video_117_09cb0a808ae1f43bce85.gif", "caption": "episode: 59"}, "step": 59, "_wandb": {"runtime": 399}}