{"train/timesteps": 2002000, "train/mean policy loss": -0.004507000092417002, "train/mean value loss": 0.0330439992249012, "train/mean episode returns": -205.916441, "train/min episode returns": -350.284923, "train/max episode returns": -117.171527, "train/std episode returns": 81.941693, "train/mean episode runtime": 0.038318, "train/mean episode length": 200.0, "train/episodes": 909, "_timestamp": 1673888945.173405, "_runtime": 469.8270859718323, "_step": 909, "_wandb": {"runtime": 468}}