{"train/timesteps": 1201200, "train/mean policy loss": -0.04854600131511688, "train/mean value loss": 0.0005290000117383897, "train/mean episode returns": -129.234649, "train/min episode returns": -377.943139, "train/max episode returns": -5.454635, "train/std episode returns": 104.994857, "train/mean episode runtime": 0.038235, "train/mean episode length": 200.0, "train/episodes": 545, "_timestamp": 1673984040.2211268, "_runtime": 361.06566882133484, "_step": 546, "Mean Episodic Return": {"_type": "image-file", "sha256": "b742588242b58fc1307b133fe948acc07169cb2152710638fe9ec229b2eee470", "size": 6856, "path": "media/images/Mean Episodic Return_546_b742588242b58fc1307b.png", "format": "png", "width": 1250, "height": 950}, "_wandb": {"runtime": 360}}