{"train/timesteps": 2000896, "train/mean policy loss": -0.00417400011792779, "train/mean value loss": 0.16203899681568146, "train/mean episode returns": -141.078448, "train/min episode returns": -240.290156, "train/max episode returns": -0.057236, "train/std episode returns": 49.164815, "train/mean episode runtime": 0.006214, "train/mean episode length": 32.0, "train/episodes": 976, "_timestamp": 1673899485.6285481, "_runtime": 479.8077771663666, "_step": 976, "_wandb": {"runtime": 478}}