{"train/timesteps": 3000800, "train/mean policy loss": -0.006659000180661678, "train/mean value loss": 146.71051025390625, "train/mean episode returns": -218.140978, "train/std episode returns": 124.928972, "train/mean episode runtime": 0.036244, "train/mean episode length": 200.0, "_timestamp": 1673778424.472963, "_runtime": 1015.2847201824188, "_step": 1364, "Mean Episodic Return": {"_type": "image-file", "sha256": "b742588242b58fc1307b133fe948acc07169cb2152710638fe9ec229b2eee470", "size": 6856, "path": "media/images/Mean Episodic Return_1364_b742588242b58fc1307b.png", "format": "png", "width": 1250, "height": 950}, "_wandb": {"runtime": 1014}}