{"train/timesteps": 2200, "train/mean policy loss": -0.0003000000142492354, "train/mean value loss": 151817.296875, "train/mean episode returns": -1224.634815, "train/std episode returns": 293.073728, "train/mean episode runtime": 0.03774, "train/mean episode length": 200.0, "_timestamp": 1673544335.6350489, "_runtime": 3.3768887519836426, "_step": 0, "_wandb": {"runtime": 3}}