{"train/timesteps": 3653000, "train/mean policy loss": -0.0010100960498675704, "train/mean value loss": 295.3467102050781, "train/mean episode length": 200.0, "train/mean episode returns": -172.09202527416954, "train/std episode returns": 114.82233322225805, "_timestamp": 1673305993.2692301, "_runtime": 2255.3075411319733, "_step": 1404, "_wandb": {"runtime": 2254}}